1,María Teresa Montenegro Orta,maria.teresa.montenegro.orta@not_mail.com
2,César Correa Solano,cesar.correa.solano@not_mail.com
3,Luz Correa Ontiveros,luz.correa.ontiveros@not_mail.com
4,Elvira Caballero Montemayor,elvira.caballero.montemayor@not_mail.com
5,Luis Miguel Apodaca Rael,luis.miguel.apodaca.rael@not_mail.com
6,Guadalupe Vela Fuentes,guadalupe.vela.fuentes@not_mail.com
7,Gregorio Ríos Sisneros,gregorio.rios.sisneros@not_mail.com
8,Daniel Cavazos Jaramillo,daniel.cavazos.jaramillo@not_mail.com
9,Luz Téllez Rodrígez,luz.tellez.rodrigez@not_mail.com
10,Adela Barragán Rosas,adela.barragan.rosas@not_mail.com
11,Sta. Luisa Banda Lucero,sta.luisa.banda.lucero@not_mail.com
12,Mariano Dávila Becerra,mariano.davila.becerra@not_mail.com
13,Rocio Valentín Arellano,rocio.valentin.arellano@not_mail.com
14,Amalia Alarcón Pacheco,amalia.alarcon.pacheco@not_mail.com
15,Sta. Alicia Orellana Arroyo,sta.alicia.orellana.arroyo@not_mail.com
16,Francisca Jaramillo Jáquez,francisca.jaramillo.jaquez@not_mail.com
17,Enrique Prado Chapa,enrique.prado.chapa@not_mail.com
18,Claudio Parra Gil,claudio.parra.gil@not_mail.com
19,Sra. Margarita Salcedo Mateo,sra.margarita.salcedo.mateo@not_mail.com
20,Josefina Reséndez Atencio,josefina.resendez.atencio@not_mail.com
